,School ID,School Name,School Network,School Year,Time Period,"% of Misconducts Resulting in a Suspension
(includes ISS and OSS)",# of Unique Students Receiving ISS,# of Unique Students Receiving OSS,% of Misconducts Resulting in a Police Notification
38,610513,AIR FORCE HS,Military,2013-2014,EOY,67.5,22.0,83.0,3.9
40,610513,AIR FORCE HS,Service Leadership Academies,2014-2015,EOY,12.6,36.0,59.0,1.4
42,610513,AIR FORCE HS,Service Leadership Academies,2015-2016,EOY,23.2,30.0,34.0,6.1
44,610513,AIR FORCE HS,Network 6,2016-2017,EOY,56.4,19.0,35.0,3.4
46,610513,AIR FORCE HS,Network 6,2017-2018,EOY,61.7,32.0,12.0,7.4
48,610513,AIR FORCE HS,Network 16,2018-2019,EOY,45.2,11.0,7.0,7.1
50,610513,AIR FORCE HS,Network 16,2019-2020,EOY,16.3,6.0,1.0,0.0
52,610513,AIR FORCE HS,Network 16,2021-2022,EOY,23.6,9.0,2.0,0.0
85,610524,ALCOTT HS,Network 4,2013-2014,EOY,74.1,19.0,28.0,1.2
87,610524,ALCOTT HS,Network 4,2014-2015,EOY,105.9,17.0,16.0,0.0
89,610524,ALCOTT HS,Network 4,2015-2016,EOY,96.0,46.0,21.0,2.0
91,610524,ALCOTT HS,Network 4,2016-2017,EOY,69.0,8.0,6.0,3.4
93,610524,ALCOTT HS,Network 4,2017-2018,EOY,24.5,48.0,11.0,0.0
95,610524,ALCOTT HS,Network 4,2018-2019,EOY,52.2,38.0,10.0,0.7
97,610524,ALCOTT HS,Network 15,2019-2020,EOY,97.5,31.0,23.0,2.5
99,610524,ALCOTT HS,Network 15,2020-2021,EOY,0.0,0.0,0.0,0.0
101,610524,ALCOTT HS,Network 15,2021-2022,EOY,47.4,17.0,47.0,0.0
124,609780,AMES,Network 4,2013-2014,EOY,51.9,8.0,61.0,0.4
126,609695,AMUNDSEN HS,Network 2,2013-2014,EOY,63.8,57.0,66.0,39.6
128,609695,AMUNDSEN HS,Network 2,2014-2015,EOY,85.6,251.0,76.0,12.5
130,609695,AMUNDSEN HS,Network 2,2015-2016,EOY,63.0,94.0,49.0,19.6
132,609695,AMUNDSEN HS,Network 2,2016-2017,EOY,77.9,159.0,62.0,12.0
134,609695,AMUNDSEN HS,ISP,2017-2018,EOY,86.4,88.0,57.0,29.0
136,609695,AMUNDSEN HS,ISP,2018-2019,EOY,96.5,167.0,58.0,8.0
138,609695,AMUNDSEN HS,ISP,2019-2020,EOY,77.3,80.0,25.0,14.8
140,609695,AMUNDSEN HS,ISP,2021-2022,EOY,43.3,58.0,26.0,1.9
254,610518,AUSTIN CCA HS,Network 3,2016-2017,EOY,12.4,6.0,37.0,7.2
256,610518,AUSTIN CCA HS,Network 3,2017-2018,EOY,68.5,127.0,23.0,8.1
258,610518,AUSTIN CCA HS,Network 15,2018-2019,EOY,58.3,71.0,38.0,3.8
260,610518,AUSTIN CCA HS,Network 15,2019-2020,EOY,49.2,12.0,32.0,4.2
262,610518,AUSTIN CCA HS,Network 15,2020-2021,EOY,0.0,0.0,0.0,0.0
264,610518,AUSTIN CCA HS,Network 15,2021-2022,EOY,42.5,21.0,21.0,3.7
314,610563,BACK OF THE YARDS HS,Network 8,2013-2014,EOY,100.0,5.0,6.0,9.1
316,610563,BACK OF THE YARDS HS,Network 8,2014-2015,EOY,96.0,3.0,19.0,28.0
318,610563,BACK OF THE YARDS HS,Network 8,2015-2016,EOY,68.5,2.0,32.0,1.9
320,610563,BACK OF THE YARDS HS,Network 8,2016-2017,EOY,75.4,1.0,39.0,5.3
322,610563,BACK OF THE YARDS HS,ISP,2017-2018,EOY,56.1,1.0,46.0,0.0
324,610563,BACK OF THE YARDS HS,ISP,2018-2019,EOY,37.3,0.0,33.0,0.0
326,610563,BACK OF THE YARDS HS,ISP,2019-2020,EOY,3.6,0.0,1.0,3.6
328,610563,BACK OF THE YARDS HS,ISP,2021-2022,EOY,93.6,0.0,36.0,8.5
587,609698,BOGAN HS,OS4,2013-2014,EOY,97.1,502.0,253.0,0.4
589,609698,BOGAN HS,OS4,2014-2015,EOY,88.5,248.0,98.0,0.8
591,609698,BOGAN HS,Network 10,2015-2016,EOY,89.7,245.0,90.0,0.2
593,609698,BOGAN HS,Network 10,2016-2017,EOY,85.0,199.0,77.0,0.4
595,609698,BOGAN HS,Network 10,2017-2018,EOY,79.5,109.0,86.0,4.0
597,609698,BOGAN HS,Network 16,2018-2019,EOY,48.3,41.0,108.0,0.5
599,609698,BOGAN HS,Network 16,2019-2020,EOY,30.2,14.0,71.0,9.7
601,609698,BOGAN HS,Network 16,2020-2021,EOY,0.0,0.0,0.0,0.0
603,609698,BOGAN HS,Network 16,2021-2022,EOY,34.6,60.0,137.0,2.2
657,610323,BOWEN HS,OS4,2013-2014,EOY,105.4,342.0,264.0,1.8
659,610323,BOWEN HS,OS4,2014-2015,EOY,102.7,346.0,153.0,1.9
661,610323,BOWEN HS,Network 12,2015-2016,EOY,92.2,316.0,136.0,0.7
663,610323,BOWEN HS,Network 12,2016-2017,EOY,96.2,220.0,43.0,0.3
665,610323,BOWEN HS,Network 12,2017-2018,EOY,89.7,203.0,37.0,1.0
667,610323,BOWEN HS,Network 17,2018-2019,EOY,81.1,137.0,14.0,0.6
669,610323,BOWEN HS,Network 17,2019-2020,EOY,51.6,31.0,7.0,5.4
671,610323,BOWEN HS,Network 17,2020-2021,EOY,0.0,0.0,0.0,0.0
673,610323,BOWEN HS,Network 17,2021-2022,EOY,46.0,28.0,13.0,8.8
795,610381,BRONZEVILLE HS,OS4,2013-2014,EOY,89.6,117.0,178.0,1.4
797,610381,BRONZEVILLE HS,OS4,2014-2015,EOY,86.9,119.0,109.0,0.6
799,610381,BRONZEVILLE HS,Network 9,2015-2016,EOY,92.3,186.0,69.0,6.5
801,610381,BRONZEVILLE HS,Network 9,2016-2017,EOY,87.4,46.0,105.0,7.4
803,610381,BRONZEVILLE HS,Network 9,2017-2018,EOY,58.8,46.0,62.0,11.7
805,610381,BRONZEVILLE HS,Network 17,2018-2019,EOY,76.1,73.0,78.0,3.9
807,610381,BRONZEVILLE HS,Network 17,2019-2020,EOY,47.0,12.0,13.0,4.5
809,610381,BRONZEVILLE HS,Network 17,2021-2022,EOY,46.2,1.0,4.0,0.0
812,609726,BROOKS HS,Network 13,2013-2014,EOY,25.8,1.0,34.0,2.6
814,609726,BROOKS HS,Network 13,2014-2015,EOY,13.5,24.0,21.0,0.0
816,609726,BROOKS HS,ISP,2015-2016,EOY,31.1,64.0,43.0,0.7
818,609726,BROOKS HS,Network 13,2016-2017,EOY,30.2,34.0,33.0,0.0
820,609726,BROOKS HS,Network 13,2017-2018,EOY,81.9,48.0,30.0,0.0
822,609726,BROOKS HS,Network 17,2018-2019,EOY,77.3,34.0,34.0,0.9
824,609726,BROOKS HS,Network 17,2019-2020,EOY,35.9,20.0,20.0,0.9
825,609726,BROOKS HS,ISP,2020-2021,EOY,0.0,0.0,0.0,0.0
827,609726,BROOKS HS,ISP,2021-2022,EOY,33.8,4.0,19.0,15.5
1059,610565,CAMELOT - EXCEL ENGLEWOOD HS,Options,2016-2017,EOY,0.0,0.0,0.0,0.0
1061,610565,CAMELOT - EXCEL ENGLEWOOD HS,Options,2018-2019,EOY,33.3,0.0,1.0,0.0
1063,610565,CAMELOT - EXCEL ENGLEWOOD HS,Options,2019-2020,EOY,100.0,0.0,1.0,0.0
1065,400147,CAMELOT - EXCEL HS,Options,2017-2018,EOY,0.0,0.0,0.0,0.0
1066,400147,CAMELOT - EXCEL HS,Options,2018-2019,EOY,0.0,0.0,0.0,33.3
1068,400175,CAMELOT - EXCEL SOUTHSHORE HS,Options,2016-2017,EOY,0.0,0.0,0.0,3.8
1070,400175,CAMELOT - EXCEL SOUTHSHORE HS,Options,2017-2018,EOY,0.0,0.0,0.0,0.0
1072,400175,CAMELOT - EXCEL SOUTHSHORE HS,Options,2018-2019,EOY,0.0,0.0,0.0,0.0
1074,400175,CAMELOT - EXCEL SOUTHSHORE HS,Options,2019-2020,EOY,0.0,0.0,0.0,0.0
1076,400176,CAMELOT - EXCEL SOUTHWEST HS,Options,2016-2017,EOY,100.0,0.0,8.0,12.5
1077,400176,CAMELOT - EXCEL SOUTHWEST HS,Options,2017-2018,EOY,66.7,5.0,3.0,8.3
1079,400176,CAMELOT - EXCEL SOUTHWEST HS,Options,2018-2019,EOY,0.0,0.0,0.0,0.0
1081,400176,CAMELOT - EXCEL SOUTHWEST HS,Options,2019-2020,EOY,75.9,1.0,20.0,34.5
1082,400176,CAMELOT - EXCEL SOUTHWEST HS,Options,2020-2021,EOY,0.0,0.0,0.0,0.0
1094,610573,CAMELOT SAFE ACADEMY HS,Options,2013-2014,EOY,20.0,0.0,2.0,0.0
1096,610573,CAMELOT SAFE ACADEMY HS,Options,2014-2015,EOY,0.0,0.0,0.0,0.0
1101,610573,CAMELOT SAFE HS,Options,2015-2016,EOY,0.0,0.0,0.0,0.0
1103,610573,CAMELOT SAFE HS,Options,2016-2017,EOY,0.0,0.0,0.0,0.0
1261,609760,CARVER MILITARY,Military,2013-2014,EOY,74.2,55.0,51.0,0.6
1263,609760,CARVER MILITARY,Service Leadership Academies,2014-2015,EOY,98.7,42.0,20.0,1.3
1265,609760,CARVER MILITARY HS,Service Leadership Academies,2015-2016,EOY,68.2,25.0,24.0,14.8
1267,609760,CARVER MILITARY HS,Network 6,2016-2017,EOY,93.4,29.0,21.0,0.0
1269,609760,CARVER MILITARY HS,Network 6,2017-2018,EOY,111.1,15.0,24.0,11.1
1271,609760,CARVER MILITARY HS,Network 17,2018-2019,EOY,134.2,52.0,46.0,6.0
1273,609760,CARVER MILITARY HS,Network 17,2019-2020,EOY,86.1,28.0,24.0,16.7
1275,609760,CARVER MILITARY HS,Network 17,2020-2021,EOY,0.0,0.0,0.0,0.0
1277,609760,CARVER MILITARY HS,Network 17,2021-2022,EOY,80.0,43.0,26.0,10.0
1426,610340,CHGO ACAD HS,AUSL,2013-2014,EOY,98.7,6.0,44.0,0.0
1428,610340,CHGO ACAD HS,AUSL,2014-2015,EOY,101.0,113.0,39.0,0.0
1430,609753,CHGO AGR HS,Network 10,2013-2014,EOY,98.9,188.0,66.0,0.2
1432,609753,CHGO AGR HS,Network 10,2014-2015,EOY,23.3,0.0,14.0,5.5
1434,400022,CHGO ARTS CONTR HS,Contract,2013-2014,EOY,61.7,12.0,55.0,5.3
1438,609754,CHGO MILITARY ACAD HS,Military,2013-2014,EOY,80.9,158.0,176.0,0.5
1440,609754,CHGO MILITARY ACAD HS,Service Leadership Academies,2014-2015,EOY,7.0,1.0,112.0,0.8
1442,400022,CHIARTS HS,Contract,2017-2018,EOY,23.8,0.0,28.0,0.6
1444,400022,CHIARTS HS,Contract,2018-2019,EOY,41.4,9.0,17.0,1.4
1446,400022,CHIARTS HS,Contract,2019-2020,EOY,32.1,17.0,6.0,7.1
1448,400022,CHIARTS HS,Contract,2020-2021,EOY,0.0,0.0,0.0,0.0
1450,400022,CHIARTS HS,Contract,2021-2022,EOY,66.7,0.0,15.0,12.5
1465,610340,CHICAGO ACADEMY HS,AUSL,2015-2016,EOY,37.5,215.0,34.0,0.1
1467,610340,CHICAGO ACADEMY HS,AUSL,2016-2017,EOY,53.4,40.0,29.0,1.2
1469,610340,CHICAGO ACADEMY HS,AUSL,2017-2018,EOY,18.6,101.0,20.0,0.2
1471,610340,CHICAGO ACADEMY HS,AUSL,2018-2019,EOY,62.3,201.0,4.0,0.0
1473,610340,CHICAGO ACADEMY HS,AUSL,2019-2020,EOY,22.3,33.0,1.0,0.0
1475,610340,CHICAGO ACADEMY HS,AUSL,2020-2021,EOY,0.0,0.0,0.0,0.0
1477,610340,CHICAGO ACADEMY HS,AUSL,2021-2022,EOY,13.5,10.0,1.0,0.0
1479,609753,CHICAGO AGRICULTURE HS,Network 10,2015-2016,EOY,20.6,1.0,21.0,0.7
1481,609753,CHICAGO AGRICULTURE HS,ISP,2016-2017,EOY,32.3,9.0,18.0,0.0
1483,609753,CHICAGO AGRICULTURE HS,ISP,2017-2018,EOY,18.3,2.0,15.0,1.0
1485,609753,CHICAGO AGRICULTURE HS,ISP,2018-2019,EOY,14.0,3.0,6.0,1.2
1487,609753,CHICAGO AGRICULTURE HS,ISP,2019-2020,EOY,52.6,16.0,12.0,5.3
1488,609753,CHICAGO AGRICULTURE HS,ISP,2020-2021,EOY,60.0,0.0,2.0,0.0
1490,609753,CHICAGO AGRICULTURE HS,ISP,2021-2022,EOY,34.5,0.0,15.0,3.4
1492,400022,CHICAGO ARTS HS,Contract,2014-2015,EOY,33.7,0.0,43.0,3.3
1494,400022,CHICAGO ARTS HS,Contract,2015-2016,EOY,53.7,14.0,42.0,0.0
1496,400022,CHICAGO ARTS HS,Contract,2016-2017,EOY,47.2,9.0,38.0,1.6
1506,400147,CHICAGO EXCEL CONTR ACAD,Contract,2013-2014,EOY,66.7,0.0,6.0,8.3
1507,400147,CHICAGO EXCEL HS,Options,2021-2022,EOY,0.0,0.0,0.0,0.0
1517,609754,CHICAGO MILITARY HS,Service Leadership Academies,2015-2016,EOY,46.7,0.0,53.0,2.8
1519,609754,CHICAGO MILITARY HS,Network 6,2016-2017,EOY,54.5,3.0,43.0,0.0
1521,609754,CHICAGO MILITARY HS,Network 6,2017-2018,EOY,38.7,29.0,46.0,0.4
1523,609754,CHICAGO MILITARY HS,Network 17,2018-2019,EOY,62.7,52.0,30.0,0.0
1525,609754,CHICAGO MILITARY HS,Network 17,2019-2020,EOY,73.7,38.0,13.0,0.0
1527,609754,CHICAGO MILITARY HS,Network 17,2020-2021,EOY,0.0,0.0,0.0,0.0
1529,609754,CHICAGO MILITARY HS,Network 17,2021-2022,EOY,24.5,31.0,26.0,0.9
1533,400091,CHICAGO TECH ACADEMY,Contract,2013-2014,EOY,74.5,50.0,76.0,0.5
1535,400091,CHICAGO TECH HS,Contract,2014-2015,EOY,99.4,40.0,77.0,0.0
1537,400091,CHICAGO TECH HS,Contract,2015-2016,EOY,94.8,50.0,63.0,0.0
1539,400091,CHICAGO TECH HS,Contract,2016-2017,EOY,25.7,5.0,19.0,0.0
1541,400091,CHICAGO TECH HS,Contract,2017-2018,EOY,38.1,0.0,33.0,1.0
1543,400091,CHICAGO TECH HS,Contract,2018-2019,EOY,30.1,0.0,24.0,4.8
1545,400091,CHICAGO TECH HS,Contract,2019-2020,EOY,0.0,0.0,0.0,0.0
1547,400091,CHICAGO TECH HS,Contract,2021-2022,EOY,65.4,1.0,15.0,11.5
1549,609674,CHICAGO VOCATIONAL HS,OS4,2013-2014,EOY,83.6,77.0,248.0,49.1
1551,609674,CHICAGO VOCATIONAL HS,OS4,2014-2015,EOY,57.9,33.0,125.0,53.4
1553,609674,CHICAGO VOCATIONAL HS,Network 12,2015-2016,EOY,67.2,3.0,133.0,78.9
1555,609674,CHICAGO VOCATIONAL HS,Network 12,2016-2017,EOY,56.2,12.0,136.0,60.9
1557,609674,CHICAGO VOCATIONAL HS,Network 12,2017-2018,EOY,103.0,64.0,96.0,30.5
1559,609674,CHICAGO VOCATIONAL HS,Network 17,2018-2019,EOY,91.2,57.0,106.0,18.0
1561,609674,CHICAGO VOCATIONAL HS,Network 17,2019-2020,EOY,49.2,19.0,84.0,33.3
1563,609674,CHICAGO VOCATIONAL HS,Network 17,2020-2021,EOY,100.0,0.0,1.0,0.0
1565,609674,CHICAGO VOCATIONAL HS,Network 17,2021-2022,EOY,57.9,0.0,73.0,16.3
1697,610244,CLARK HS,Network 3,2013-2014,EOY,100.0,5.0,130.0,0.9
1699,610244,CLARK HS,Network 3,2014-2015,EOY,99.4,63.0,172.0,2.5
1701,610244,CLARK HS,Network 3,2015-2016,EOY,97.9,38.0,171.0,1.2
1703,610244,CLARK HS,Network 3,2016-2017,EOY,77.2,74.0,76.0,1.7
1705,610244,CLARK HS,Network 3,2017-2018,EOY,98.5,59.0,130.0,9.2
1707,610244,CLARK HS,Network 15,2018-2019,EOY,88.4,137.0,35.0,5.6
1709,610244,CLARK HS,ISP,2019-2020,EOY,60.3,3.0,32.0,15.9
1711,610244,CLARK HS,ISP,2020-2021,EOY,0.0,0.0,0.0,0.0
1713,610244,CLARK HS,ISP,2021-2022,EOY,23.5,13.0,59.0,2.4
1736,609759,CLEMENTE HS,OS4,2013-2014,EOY,37.3,0.0,233.0,2.0
1738,609759,CLEMENTE HS,OS4,2014-2015,EOY,25.1,0.0,269.0,0.4
1740,609759,CLEMENTE HS,Network 5,2015-2016,EOY,21.8,0.0,309.0,1.0
1742,609759,CLEMENTE HS,ISP,2016-2017,EOY,18.4,0.0,240.0,0.3
1744,609759,CLEMENTE HS,Network 5,2017-2018,EOY,49.4,108.0,131.0,6.6
1746,609759,CLEMENTE HS,Network 15,2018-2019,EOY,65.0,138.0,164.0,5.8
1748,609759,CLEMENTE HS,Network 15,2019-2020,EOY,75.8,220.0,73.0,3.9
1750,609759,CLEMENTE HS,Network 15,2020-2021,EOY,0.0,0.0,0.0,14.3
1752,609759,CLEMENTE HS,Network 15,2021-2022,EOY,41.3,49.0,135.0,1.8
1842,610499,COLLINS HS,AUSL,2013-2014,EOY,60.6,145.0,137.0,2.1
1844,610499,COLLINS HS,AUSL,2014-2015,EOY,43.7,6.0,130.0,24.6
1846,610499,COLLINS HS,AUSL,2015-2016,EOY,92.3,325.0,147.0,0.9
1848,610499,COLLINS HS,AUSL,2016-2017,EOY,90.4,177.0,89.0,0.5
1850,610499,COLLINS HS,AUSL,2017-2018,EOY,92.7,185.0,16.0,0.0
1852,610499,COLLINS HS,AUSL,2018-2019,EOY,97.2,188.0,16.0,0.0
1854,610499,COLLINS HS,AUSL,2019-2020,EOY,100.0,81.0,3.0,0.0
1856,610499,COLLINS HS,AUSL,2021-2022,EOY,71.4,1.0,4.0,0.0
1960,609761,CORLISS HS,Network 13,2013-2014,EOY,90.6,68.0,147.0,11.0
1962,609761,CORLISS HS,Network 13,2014-2015,EOY,39.6,23.0,65.0,35.0
1964,609761,CORLISS HS,Network 13,2015-2016,EOY,30.2,39.0,34.0,11.6
1966,609761,CORLISS HS,Network 13,2016-2017,EOY,44.8,39.0,71.0,22.0
1968,609761,CORLISS HS,Network 13,2017-2018,EOY,44.7,96.0,61.0,5.9
1970,609761,CORLISS HS,Network 17,2018-2019,EOY,59.1,101.0,85.0,2.6
1972,609761,CORLISS HS,Network 17,2019-2020,EOY,36.4,17.0,37.0,12.1
1974,609761,CORLISS HS,Network 17,2020-2021,EOY,0.0,0.0,0.0,0.0
1976,609761,CORLISS HS,Network 17,2021-2022,EOY,18.3,0.0,76.0,1.7
2000,610561,CRANE MEDICAL HS,Network 6,2015-2016,EOY,44.2,0.0,36.0,1.0
2002,610561,CRANE MEDICAL HS,Network 6,2016-2017,EOY,28.6,40.0,49.0,1.1
2004,610561,CRANE MEDICAL HS,Network 6,2017-2018,EOY,75.8,88.0,60.0,3.0
2006,610561,CRANE MEDICAL HS,Network 15,2018-2019,EOY,52.9,24.0,47.0,12.6
2008,610561,CRANE MEDICAL HS,Network 15,2019-2020,EOY,46.6,3.0,33.0,14.8
2010,610561,CRANE MEDICAL HS,Network 15,2021-2022,EOY,43.8,69.0,89.0,3.0
2062,609756,CURIE HS,Network 8,2013-2014,EOY,45.9,757.0,383.0,6.5
2064,609756,CURIE HS,Network 8,2014-2015,EOY,15.2,120.0,198.0,5.3
2066,609756,CURIE HS,Network 8,2015-2016,EOY,44.0,100.0,188.0,4.5
2068,609756,CURIE HS,Network 8,2016-2017,EOY,47.3,72.0,182.0,2.7
2070,609756,CURIE HS,Network 8,2017-2018,EOY,48.7,118.0,144.0,1.4
2072,609756,CURIE HS,Network 15,2018-2019,EOY,76.2,79.0,216.0,1.0
2074,609756,CURIE HS,Network 15,2019-2020,EOY,53.0,57.0,115.0,4.3
2076,609756,CURIE HS,Network 15,2020-2021,EOY,0.0,0.0,0.0,3.6
2078,609756,CURIE HS,Network 15,2021-2022,EOY,39.7,15.0,192.0,2.1
2284,610402,DEVRY HS,Network 4,2013-2014,EOY,58.3,2.0,8.0,4.2
2286,610402,DEVRY HS,Network 4,2014-2015,EOY,22.7,3.0,2.0,0.0
2288,610402,DEVRY HS,Network 4,2015-2016,EOY,50.0,3.0,0.0,0.0
2289,610402,DEVRY HS,Network 4,2016-2017,EOY,50.0,1.0,0.0,0.0
2291,610402,DEVRY HS,ISP,2017-2018,EOY,60.0,2.0,1.0,0.0
2293,610402,DEVRY HS,ISP,2018-2019,EOY,6.3,1.0,0.0,6.3
2295,610402,DEVRY HS,Network 14,2019-2020,EOY,6.7,1.0,0.0,0.0
2297,610402,DEVRY HS,Network 14,2021-2022,EOY,7.7,2.0,1.0,2.6
2368,610564,DISNEY II HS,ISP,2015-2016,EOY,46.1,70.0,63.0,1.6
2370,610564,DISNEY II HS,Network 1,2016-2017,EOY,67.1,39.0,53.0,1.8
2372,610564,DISNEY II HS,Network 1,2017-2018,EOY,85.7,79.0,35.0,3.7
2374,610564,DISNEY II HS,Network 14,2018-2019,EOY,100.7,73.0,27.0,0.7
2376,610564,DISNEY II HS,Network 14,2019-2020,EOY,105.6,25.0,7.0,2.8
2378,610564,DISNEY II HS,Network 14,2020-2021,EOY,0.0,0.0,0.0,0.0
2380,610564,DISNEY II HS,Network 14,2021-2022,EOY,57.0,23.0,22.0,0.9
2382,610564,DISNEY II MAGNET HS,Network 1,2013-2014,EOY,95.5,9.0,8.0,0.0
2384,610564,DISNEY II MAGNET HS,Network 1,2014-2015,EOY,80.8,64.0,50.0,0.9
2445,610245,DOUGLASS HS,Network 3,2013-2014,EOY,34.7,1.0,213.0,0.5
2447,610245,DOUGLASS HS,Network 3,2014-2015,EOY,46.1,127.0,117.0,1.4
2449,610245,DOUGLASS HS,Network 3,2015-2016,EOY,35.0,128.0,163.0,0.2
2451,610245,DOUGLASS HS,Network 3,2016-2017,EOY,20.4,58.0,44.0,0.3
2453,610245,DOUGLASS HS,Network 3,2017-2018,EOY,43.9,0.0,37.0,30.1
2455,610245,DOUGLASS HS,Network 15,2018-2019,EOY,27.8,0.0,5.0,22.2
2457,610245,DOUGLASS HS,Network 15,2019-2020,EOY,68.8,0.0,10.0,50.0
2459,610245,DOUGLASS HS,Network 15,2021-2022,EOY,70.4,0.0,14.0,22.2
2531,609676,DUNBAR HS,Network 9,2013-2014,EOY,98.8,570.0,472.0,0.7
2533,609676,DUNBAR HS,Network 9,2014-2015,EOY,86.4,606.0,412.0,0.7
2535,609676,DUNBAR HS,Network 9,2015-2016,EOY,56.7,93.0,165.0,6.0
2537,609676,DUNBAR HS,Network 9,2016-2017,EOY,52.3,4.0,47.0,3.7
2539,609676,DUNBAR HS,Network 9,2017-2018,EOY,79.4,1.0,68.0,3.9
2541,609676,DUNBAR HS,Network 17,2018-2019,EOY,23.1,0.0,23.0,1.0
2543,609676,DUNBAR HS,Network 17,2019-2020,EOY,43.3,0.0,49.0,1.5
2545,609676,DUNBAR HS,Network 17,2020-2021,EOY,0.0,0.0,0.0,0.0
2547,609676,DUNBAR HS,Network 17,2021-2022,EOY,19.1,1.0,17.0,26.1
2599,610587,DYETT ARTS HS,Network 9,2016-2017,EOY,90.5,2.0,55.0,19.0
2601,610587,DYETT ARTS HS,ISP,2017-2018,EOY,101.7,10.0,71.0,5.0
2603,610587,DYETT ARTS HS,ISP,2018-2019,EOY,73.0,0.0,97.0,5.7
2605,610587,DYETT ARTS HS,Network 17,2019-2020,EOY,71.4,33.0,52.0,0.6
2606,610587,DYETT ARTS HS,Network 17,2020-2021,EOY,0.0,0.0,0.0,0.0
2608,610587,DYETT ARTS HS,Network 17,2021-2022,EOY,29.2,52.0,40.0,0.3
2759,610592,ENGLEWOOD STEM HS,Network 16,2019-2020,EOY,86.0,66.0,67.0,3.6
2761,610592,ENGLEWOOD STEM HS,Network 16,2020-2021,EOY,0.0,0.0,0.0,3.6
2763,610592,ENGLEWOOD STEM HS,Network 16,2021-2022,EOY,47.6,118.0,288.0,4.4
2858,610565,EXCEL ENGLEWOOD HS,Options,2021-2022,EOY,0.0,0.0,0.0,0.0
2860,400176,EXCEL SOUTHWEST HS,Options,2021-2022,EOY,60.0,0.0,6.0,0.0
2932,609704,FARRAGUT HS,Network 7,2013-2014,EOY,74.0,515.0,188.0,0.4
2934,609704,FARRAGUT HS,Network 7,2014-2015,EOY,37.6,160.0,99.0,0.3
2936,609704,FARRAGUT HS,Network 7,2015-2016,EOY,11.7,0.0,107.0,0.8
2938,609704,FARRAGUT HS,Network 7,2016-2017,EOY,33.5,0.0,94.0,0.8
2940,609704,FARRAGUT HS,Network 7,2017-2018,EOY,28.2,0.0,37.0,0.5
2942,609704,FARRAGUT HS,Network 16,2018-2019,EOY,42.3,47.0,51.0,0.3
2944,609704,FARRAGUT HS,Network 16,2019-2020,EOY,11.1,11.0,22.0,0.9
2946,609704,FARRAGUT HS,Network 16,2020-2021,EOY,0.0,0.0,0.0,0.0
2948,609704,FARRAGUT HS,Network 16,2021-2022,EOY,20.9,0.0,63.0,1.8
2950,609705,FENGER HS,Network 13,2013-2014,EOY,85.0,299.0,206.0,1.4
2952,609705,FENGER HS,Network 13,2014-2015,EOY,72.0,270.0,126.0,4.4
2954,609705,FENGER HS,Network 13,2015-2016,EOY,44.4,134.0,79.0,0.7
2956,609705,FENGER HS,Network 13,2016-2017,EOY,60.0,149.0,66.0,1.5
2958,609705,FENGER HS,Network 13,2017-2018,EOY,55.9,161.0,42.0,0.1
2960,609705,FENGER HS,Network 17,2018-2019,EOY,83.7,164.0,32.0,0.3
2962,609705,FENGER HS,Network 17,2019-2020,EOY,39.7,95.0,29.0,2.7
2964,609705,FENGER HS,Network 17,2020-2021,EOY,0.0,0.0,0.0,0.0
2966,609705,FENGER HS,Network 17,2021-2022,EOY,30.1,17.0,55.0,0.0
3025,609708,FOREMAN HS,Network 1,2013-2014,EOY,135.2,310.0,256.0,17.3
3027,609708,FOREMAN HS,Network 1,2014-2015,EOY,76.6,259.0,196.0,9.2
3029,609708,FOREMAN HS,Network 3,2015-2016,EOY,70.4,207.0,134.0,5.9
3031,609708,FOREMAN HS,Network 3,2016-2017,EOY,76.0,418.0,168.0,4.2
3033,609708,FOREMAN HS,Network 3,2017-2018,EOY,57.8,369.0,138.0,0.3
3035,609708,FOREMAN HS,Network 14,2018-2019,EOY,82.4,379.0,108.0,1.0
3037,609708,FOREMAN HS,Network 14,2019-2020,EOY,17.3,0.0,82.0,1.4
3039,609708,FOREMAN HS,Network 14,2020-2021,EOY,0.0,0.0,0.0,16.3
3041,609708,FOREMAN HS,Network 14,2021-2022,EOY,5.7,0.0,83.0,0.2
3164,609709,GAGE PARK HS,Network 8,2013-2014,EOY,50.5,11.0,137.0,2.8
3166,609709,GAGE PARK HS,Network 8,2014-2015,EOY,35.0,47.0,59.0,3.1
3168,609709,GAGE PARK HS,Network 8,2015-2016,EOY,52.2,96.0,27.0,1.3
3170,609709,GAGE PARK HS,Network 8,2016-2017,EOY,61.7,92.0,24.0,1.5
3172,609709,GAGE PARK HS,Network 8,2017-2018,EOY,34.2,70.0,36.0,1.4
3174,609709,GAGE PARK HS,Network 16,2018-2019,EOY,25.6,37.0,27.0,3.2
3176,609709,GAGE PARK HS,Network 16,2019-2020,EOY,31.5,3.0,16.0,6.5
3178,609709,GAGE PARK HS,Network 16,2020-2021,EOY,0.0,0.0,0.0,25.0
3180,609709,GAGE PARK HS,Network 16,2021-2022,EOY,26.2,9.0,14.0,0.0
3292,609693,GEORGE WESTINGHOUSE HS,Network 5,2013-2014,EOY,73.6,7.0,228.0,0.0
3294,609693,GEORGE WESTINGHOUSE HS,Network 5,2014-2015,EOY,39.5,0.0,87.0,0.3
3331,610558,GOODE ACAD HS,Network 10,2013-2014,EOY,92.5,90.0,126.0,1.6
3333,610558,GOODE ACAD HS,Network 10,2014-2015,EOY,68.4,208.0,188.0,0.3
3335,610558,GOODE HS,Network 10,2015-2016,EOY,15.4,184.0,123.0,0.5
3337,610558,GOODE HS,Network 10,2016-2017,EOY,33.8,66.0,89.0,5.4
3339,610558,GOODE HS,Network 10,2017-2018,EOY,30.6,64.0,83.0,10.8
3341,610558,GOODE HS,Network 16,2018-2019,EOY,34.2,44.0,81.0,11.5
3343,610558,GOODE HS,Network 16,2019-2020,EOY,8.4,73.0,57.0,1.3
3345,610558,GOODE HS,Network 16,2020-2021,EOY,0.0,0.0,0.0,0.0
3347,610558,GOODE HS,Network 16,2021-2022,EOY,21.8,111.0,43.0,0.1
3382,609769,GRAHAM HS,Network 6,2015-2016,EOY,75.0,4.0,4.0,8.3
3384,609769,GRAHAM HS,Network 6,2016-2017,EOY,71.4,4.0,1.0,28.6
3386,609769,GRAHAM HS,Network 6,2017-2018,EOY,17.6,2.0,1.0,0.0
3388,609769,GRAHAM HS,Network 14,2018-2019,EOY,25.0,1.0,1.0,0.0
3390,609769,GRAHAM HS,Network 14,2019-2020,EOY,25.0,1.0,1.0,75.0
3392,609769,GRAHAM HS,Network 14,2021-2022,EOY,100.0,2.0,1.0,33.3
3394,609769,"GRAHAM,R HS",Network 6,2013-2014,EOY,100.0,1.0,1.0,0.0
3396,609769,"GRAHAM,R HS",Network 6,2014-2015,EOY,12.0,5.0,1.0,4.0
3416,610383,GREATER LAWNDALE HS,Network 7,2013-2014,EOY,106.4,43.0,38.0,1.2
3418,610383,GREATER LAWNDALE HS,Network 7,2014-2015,EOY,91.5,7.0,33.0,5.1
3666,609694,HANCOCK HS,OS4,2013-2014,EOY,35.0,44.0,62.0,0.5
3668,609694,HANCOCK HS,Network 8,2014-2015,EOY,49.3,1.0,81.0,0.7
3670,609694,HANCOCK HS,Network 8,2015-2016,EOY,27.4,0.0,58.0,0.7
3672,609694,HANCOCK HS,Network 8,2016-2017,EOY,27.7,0.0,38.0,0.6
3674,609694,HANCOCK HS,Network 8,2017-2018,EOY,48.4,0.0,39.0,1.1
3676,609694,HANCOCK HS,Network 15,2018-2019,EOY,30.0,0.0,30.0,0.0
3678,609694,HANCOCK HS,Network 15,2019-2020,EOY,11.6,0.0,8.0,5.8
3680,609694,HANCOCK HS,Network 15,2020-2021,EOY,0.0,0.0,0.0,0.0
3682,609694,HANCOCK HS,Network 15,2021-2022,EOY,17.7,7.0,5.0,0.0
3702,609710,HARLAN HS,Network 12,2013-2014,EOY,93.2,448.0,236.0,2.4
3704,609710,HARLAN HS,Network 12,2014-2015,EOY,93.0,153.0,91.0,4.7
3706,609710,HARLAN HS,Network 12,2015-2016,EOY,93.5,247.0,179.0,5.4
3708,609710,HARLAN HS,Network 12,2016-2017,EOY,66.9,125.0,100.0,7.0
3710,609710,HARLAN HS,Network 12,2017-2018,EOY,35.8,71.0,108.0,6.4
3712,609710,HARLAN HS,Network 17,2018-2019,EOY,39.9,42.0,58.0,5.0
3714,609710,HARLAN HS,Network 17,2019-2020,EOY,62.0,24.0,20.0,17.4
3716,609710,HARLAN HS,Network 17,2020-2021,EOY,0.0,0.0,0.0,0.0
3718,609710,HARLAN HS,Network 17,2021-2022,EOY,64.6,1.0,46.0,5.1
4031,609712,HIRSCH HS,Network 12,2013-2014,EOY,98.7,207.0,181.0,0.9
4033,609712,HIRSCH HS,OS4,2014-2015,EOY,51.9,109.0,71.0,4.0
4035,609712,HIRSCH HS,Network 12,2015-2016,EOY,68.0,74.0,65.0,1.9
4037,609712,HIRSCH HS,Network 12,2016-2017,EOY,43.0,32.0,27.0,5.2
4039,609712,HIRSCH HS,Network 12,2017-2018,EOY,36.0,21.0,37.0,4.5
4041,609712,HIRSCH HS,Network 17,2018-2019,EOY,11.0,22.0,24.0,1.8
4043,609712,HIRSCH HS,Network 17,2019-2020,EOY,22.1,18.0,25.0,5.6
4045,609712,HIRSCH HS,Network 17,2020-2021,EOY,0.0,0.0,0.0,0.0
4047,609712,HIRSCH HS,Network 17,2021-2022,EOY,27.5,13.0,18.0,6.7
4167,609741,HUBBARD HS,Network 10,2013-2014,EOY,92.4,613.0,137.0,2.1
4169,609741,HUBBARD HS,Network 10,2014-2015,EOY,72.4,253.0,106.0,2.8
4171,609741,HUBBARD HS,Network 10,2015-2016,EOY,83.7,211.0,94.0,14.8
4173,609741,HUBBARD HS,Network 10,2016-2017,EOY,46.3,58.0,121.0,12.9
4175,609741,HUBBARD HS,Network 10,2017-2018,EOY,79.1,389.0,110.0,7.7
4177,609741,HUBBARD HS,Network 16,2018-2019,EOY,59.9,273.0,53.0,2.9
4179,609741,HUBBARD HS,Network 16,2019-2020,EOY,10.5,12.0,62.0,6.4
4181,609741,HUBBARD HS,Network 16,2020-2021,EOY,0.0,0.0,0.0,0.0
4183,609741,HUBBARD HS,Network 16,2021-2022,EOY,13.3,0.0,112.0,0.8
4231,609713,HYDE PARK HS,Network 9,2013-2014,EOY,84.1,556.0,521.0,1.2
4233,609713,HYDE PARK HS,Network 9,2014-2015,EOY,36.9,240.0,79.0,1.5
4235,609713,HYDE PARK HS,Network 9,2015-2016,EOY,96.3,568.0,263.0,0.5
4237,609713,HYDE PARK HS,Network 9,2016-2017,EOY,98.4,360.0,105.0,3.0
4239,609713,HYDE PARK HS,Network 9,2017-2018,EOY,94.9,273.0,68.0,1.4
4241,609713,HYDE PARK HS,Network 17,2018-2019,EOY,73.0,8.0,17.0,18.9
4243,609713,HYDE PARK HS,Network 17,2019-2020,EOY,86.2,8.0,47.0,12.8
4245,609713,HYDE PARK HS,Network 17,2021-2022,EOY,23.2,0.0,14.0,7.2
4247,610384,INFINITY HS,Network 7,2013-2014,EOY,86.5,28.0,12.0,3.8
4249,610384,INFINITY HS,Network 7,2014-2015,EOY,40.0,4.0,8.0,6.7
4251,610384,INFINITY HS,Network 7,2015-2016,EOY,34.6,7.0,2.0,0.0
4253,610384,INFINITY HS,Network 7,2016-2017,EOY,66.7,10.0,2.0,11.1
4255,610384,INFINITY HS,Network 7,2017-2018,EOY,72.2,19.0,4.0,2.8
4257,610384,INFINITY HS,ISP,2018-2019,EOY,82.4,11.0,2.0,5.9
4259,610384,INFINITY HS,ISP,2019-2020,EOY,50.0,1.0,1.0,0.0
4261,610384,INFINITY HS,ISP,2020-2021,EOY,0.0,0.0,0.0,0.0
4263,610384,INFINITY HS,ISP,2021-2022,EOY,46.7,0.0,6.0,20.0
4275,400164,INSTITUTO - LOZANO MASTERY HS,Options,2016-2017,EOY,0.0,0.0,0.0,0.0
4385,609783,JEFFERSON ALT HS,Options,2013-2014,EOY,0.0,0.0,0.0,0.0
4387,609783,JEFFERSON HS,Network 16,2018-2019,EOY,33.3,1.0,0.0,0.0
4389,609783,JEFFERSON HS,Network 16,2021-2022,EOY,0.0,0.0,0.0,16.7
4437,609678,JONES HS,Network 6,2013-2014,EOY,76.9,6.0,12.0,11.5
4439,609678,JONES HS,Network 6,2014-2015,EOY,60.3,31.0,9.0,9.6
4441,609678,JONES HS,ISP,2015-2016,EOY,105.0,41.0,19.0,5.0
4443,609678,JONES HS,ISP,2016-2017,EOY,98.9,55.0,16.0,0.0
4445,609678,JONES HS,ISP,2017-2018,EOY,109.2,80.0,32.0,0.0
4447,609678,JONES HS,ISP,2018-2019,EOY,51.7,55.0,13.0,0.0
4449,609678,JONES HS,ISP,2019-2020,EOY,13.0,28.0,12.0,1.2
4451,609678,JONES HS,ISP,2021-2022,EOY,12.8,3.0,3.0,0.0
4488,609764,JUAREZ HS,OS4,2013-2014,EOY,97.7,0.0,170.0,0.0
4490,609764,JUAREZ HS,OS4,2014-2015,EOY,54.7,1.0,167.0,0.4
4492,609764,JUAREZ HS,ISP,2015-2016,EOY,67.2,47.0,150.0,1.9
4494,609764,JUAREZ HS,ISP,2016-2017,EOY,97.3,52.0,105.0,11.4
4496,609764,JUAREZ HS,ISP,2017-2018,EOY,123.5,85.0,137.0,13.0
4498,609764,JUAREZ HS,ISP,2018-2019,EOY,89.6,87.0,138.0,6.6
4500,609764,JUAREZ HS,Network 15,2019-2020,EOY,55.1,0.0,46.0,8.2
4502,609764,JUAREZ HS,Network 15,2021-2022,EOY,15.0,0.0,29.0,10.1
4504,609762,JULIAN HS,OS4,2013-2014,EOY,96.9,531.0,488.0,8.3
4506,609762,JULIAN HS,Network 10,2014-2015,EOY,69.1,141.0,270.0,9.2
4508,609762,JULIAN HS,Network 13,2015-2016,EOY,88.3,360.0,189.0,6.7
4510,609762,JULIAN HS,Network 13,2016-2017,EOY,95.1,288.0,130.0,10.5
4512,609762,JULIAN HS,Network 13,2017-2018,EOY,104.5,279.0,81.0,8.0
4514,609762,JULIAN HS,Network 16,2018-2019,EOY,91.0,237.0,102.0,2.9
4516,609762,JULIAN HS,Network 16,2019-2020,EOY,71.4,69.0,17.0,4.1
4518,609762,JULIAN HS,Network 16,2021-2022,EOY,90.2,27.0,17.0,0.0
4598,609715,KELLY HS,OS4,2013-2014,EOY,42.8,101.0,161.0,2.4
4600,609715,KELLY HS,OS4,2014-2015,EOY,23.1,60.0,107.0,3.4
4602,609715,KELLY HS,Network 8,2015-2016,EOY,16.7,100.0,47.0,5.0
4604,609715,KELLY HS,Network 8,2016-2017,EOY,23.5,102.0,0.0,0.8
4606,609715,KELLY HS,Network 8,2017-2018,EOY,66.2,118.0,2.0,0.9
4608,609715,KELLY HS,Network 16,2018-2019,EOY,62.1,122.0,28.0,2.0
4610,609715,KELLY HS,Network 16,2019-2020,EOY,32.4,194.0,83.0,0.6
4612,609715,KELLY HS,Network 16,2020-2021,EOY,0.0,0.0,0.0,0.0
4614,609715,KELLY HS,Network 16,2021-2022,EOY,39.2,13.0,70.0,1.0
4616,609716,KELVYN PARK HS,OS4,2013-2014,EOY,46.8,148.0,221.0,8.7
4618,609716,KELVYN PARK HS,Network 4,2014-2015,EOY,44.3,1.0,175.0,15.6
4620,609716,KELVYN PARK HS,Network 4,2015-2016,EOY,70.7,168.0,141.0,2.3
4622,609716,KELVYN PARK HS,Network 4,2016-2017,EOY,57.2,0.0,85.0,3.7
4624,609716,KELVYN PARK HS,Network 4,2017-2018,EOY,12.3,0.0,33.0,2.7
4626,609716,KELVYN PARK HS,Network 14,2018-2019,EOY,43.1,81.0,23.0,2.3
4628,609716,KELVYN PARK HS,Network 14,2019-2020,EOY,48.7,35.0,32.0,20.7
4630,609716,KELVYN PARK HS,Network 14,2020-2021,EOY,0.0,0.0,0.0,0.0
4632,609716,KELVYN PARK HS,Network 14,2021-2022,EOY,40.9,44.0,27.0,1.5
4634,609718,KENNEDY HS,Network 10,2013-2014,EOY,96.6,0.0,131.0,3.9
4636,609718,KENNEDY HS,Network 10,2014-2015,EOY,95.4,0.0,148.0,5.7
4638,609718,KENNEDY HS,Network 10,2015-2016,EOY,94.0,0.0,162.0,15.2
4640,609718,KENNEDY HS,Network 10,2016-2017,EOY,86.4,91.0,55.0,17.8
4642,609718,KENNEDY HS,Network 10,2017-2018,EOY,74.8,6.0,59.0,52.3
4644,609718,KENNEDY HS,Network 16,2018-2019,EOY,42.4,1.0,23.0,25.8
4646,609718,KENNEDY HS,Network 16,2019-2020,EOY,83.9,0.0,44.0,35.5
4648,609718,KENNEDY HS,Network 16,2021-2022,EOY,95.8,1.0,51.0,5.6
4650,609746,KENWOOD HS,Network 9,2013-2014,EOY,93.8,410.0,340.0,0.1
4652,609746,KENWOOD HS,Network 9,2014-2015,EOY,37.3,470.0,215.0,0.2
4654,609746,KENWOOD HS,Network 9,2015-2016,EOY,52.1,334.0,246.0,0.0
4656,609746,KENWOOD HS,Network 9,2016-2017,EOY,46.2,339.0,171.0,0.1
4658,609746,KENWOOD HS,Network 9,2017-2018,EOY,46.0,244.0,166.0,0.1
4660,609746,KENWOOD HS,Network 17,2018-2019,EOY,71.2,372.0,131.0,0.1
4662,609746,KENWOOD HS,Network 17,2019-2020,EOY,50.5,133.0,90.0,0.7
4664,609746,KENWOOD HS,Network 17,2020-2021,EOY,0.0,0.0,0.0,0.0
4666,609746,KENWOOD HS,Network 17,2021-2022,EOY,40.4,115.0,143.0,1.0
4714,609751,KING HS,Network 9,2013-2014,EOY,73.8,17.0,37.0,28.6
4716,609751,KING HS,Network 9,2014-2015,EOY,67.3,30.0,30.0,10.2
4718,609751,KING HS,Network 9,2015-2016,EOY,81.0,50.0,10.0,2.4
4720,609751,KING HS,Network 9,2016-2017,EOY,54.2,24.0,7.0,23.7
4722,609751,KING HS,Network 9,2017-2018,EOY,26.0,12.0,10.0,4.2
4724,609751,KING HS,Network 17,2018-2019,EOY,46.2,0.0,12.0,11.5
4726,609751,KING HS,Network 17,2019-2020,EOY,55.0,0.0,11.0,10.0
4728,609751,KING HS,Network 17,2020-2021,EOY,0.0,0.0,0.0,0.0
4730,609751,KING HS,Network 17,2021-2022,EOY,15.9,0.0,8.0,4.8
4787,609719,LAKE VIEW HS,Network 2,2013-2014,EOY,45.1,119.0,131.0,11.2
4789,609719,LAKE VIEW HS,Network 2,2014-2015,EOY,87.7,520.0,173.0,5.7
4791,609719,LAKE VIEW HS,Network 2,2015-2016,EOY,24.4,143.0,288.0,2.3
4793,609719,LAKE VIEW HS,Network 2,2016-2017,EOY,33.2,158.0,58.0,2.5
4795,609719,LAKE VIEW HS,Network 2,2017-2018,EOY,10.2,75.0,117.0,0.3
4797,609719,LAKE VIEW HS,Network 14,2018-2019,EOY,13.8,126.0,139.0,0.2
4799,609719,LAKE VIEW HS,Network 14,2019-2020,EOY,40.4,98.0,55.0,3.1
4801,609719,LAKE VIEW HS,Network 14,2020-2021,EOY,0.0,0.0,0.0,0.0
4803,609719,LAKE VIEW HS,Network 14,2021-2022,EOY,18.8,104.0,97.0,0.3
4805,609720,LANE HS,Network 4,2013-2014,EOY,35.4,0.0,64.0,14.2
4807,609720,LANE HS,Network 4,2014-2015,EOY,0.5,0.0,1.0,7.1
4809,609720,LANE TECH HS,Network 4,2015-2016,EOY,29.7,0.0,55.0,25.5
4811,609720,LANE TECH HS,Network 4,2016-2017,EOY,34.2,0.0,48.0,34.9
4813,609720,LANE TECH HS,Network 4,2017-2018,EOY,29.4,0.0,56.0,11.4
4815,609720,LANE TECH HS,Network 14,2018-2019,EOY,5.3,0.0,9.0,0.0
4817,609720,LANE TECH HS,Network 14,2019-2020,EOY,11.9,0.0,12.0,8.3
4819,609720,LANE TECH HS,Network 14,2020-2021,EOY,2.4,0.0,1.0,0.0
4821,609720,LANE TECH HS,Network 14,2021-2022,EOY,12.1,0.0,11.0,9.1
5043,609738,LINCOLN PARK HS,Network 4,2013-2014,EOY,81.1,189.0,100.0,9.3
5045,609738,LINCOLN PARK HS,Network 4,2014-2015,EOY,48.4,17.0,63.0,31.2
5047,609738,LINCOLN PARK HS,ISP,2015-2016,EOY,69.3,3.0,81.0,16.6
5049,609738,LINCOLN PARK HS,ISP,2016-2017,EOY,61.6,45.0,32.0,13.7
5051,609738,LINCOLN PARK HS,ISP,2017-2018,EOY,62.0,29.0,59.0,17.3
5053,609738,LINCOLN PARK HS,ISP,2018-2019,EOY,59.4,8.0,43.0,8.5
5055,609738,LINCOLN PARK HS,Network 14,2019-2020,EOY,23.0,3.0,36.0,7.1
5057,609738,LINCOLN PARK HS,Network 14,2020-2021,EOY,4.3,0.0,1.0,4.3
5059,609738,LINCOLN PARK HS,Network 14,2021-2022,EOY,29.5,8.0,41.0,15.8
5061,610391,LINDBLOM HS,Network 11,2013-2014,EOY,85.1,4.0,36.0,1.5
5063,610391,LINDBLOM HS,Network 11,2014-2015,EOY,59.5,4.0,19.0,2.4
5065,610391,LINDBLOM HS,Network 11,2015-2016,EOY,91.9,1.0,23.0,0.0
5067,610391,LINDBLOM HS,Network 11,2016-2017,EOY,73.2,0.0,28.0,4.9
5069,610391,LINDBLOM HS,Network 11,2017-2018,EOY,78.3,1.0,28.0,2.2
5071,610391,LINDBLOM HS,Network 16,2018-2019,EOY,60.2,17.0,37.0,4.6
5073,610391,LINDBLOM HS,Network 16,2019-2020,EOY,20.0,9.0,8.0,6.3
5075,610391,LINDBLOM HS,ISP,2020-2021,EOY,2.2,0.0,1.0,0.0
5077,610391,LINDBLOM HS,Network 16,2021-2022,EOY,34.8,16.0,35.0,1.9
5079,400137,LITTLE BLACK PEARL ACADEMY HS,Options,2013-2014,EOY,83.3,3.0,26.0,16.7
5081,400137,LITTLE BLACK PEARL HS,Options,2014-2015,EOY,62.9,4.0,14.0,8.6
5083,400137,LITTLE BLACK PEARL HS,Options,2015-2016,EOY,85.7,75.0,59.0,3.6
5085,400137,LITTLE BLACK PEARL HS,Options,2016-2017,EOY,66.7,39.0,28.0,3.9
5087,400137,LITTLE BLACK PEARL HS,Options,2017-2018,EOY,57.7,18.0,18.0,8.5
5089,400137,LITTLE BLACK PEARL HS,Options,2018-2019,EOY,100.0,1.0,7.0,12.5
5091,400137,LITTLE BLACK PEARL HS,Options,2019-2020,EOY,40.0,2.0,4.0,20.0
5092,400137,LITTLE BLACK PEARL HS,Options,2021-2022,EOY,0.0,0.0,0.0,100.0
5295,609722,MANLEY HS,Network 5,2013-2014,EOY,74.8,283.0,297.0,1.7
5297,609722,MANLEY HS,Network 5,2014-2015,EOY,53.4,129.0,146.0,4.3
5299,609722,MANLEY HS,Network 5,2015-2016,EOY,24.3,50.0,101.0,2.8
5301,609722,MANLEY HS,Network 5,2016-2017,EOY,18.7,7.0,77.0,10.2
5303,609722,MANLEY HS,Network 5,2017-2018,EOY,21.2,0.0,32.0,13.8
5305,609722,MANLEY HS,Network 15,2018-2019,EOY,14.7,0.0,28.0,8.3
5307,609722,MANLEY HS,Network 15,2019-2020,EOY,36.3,0.0,36.0,16.7
5309,609722,MANLEY HS,Network 15,2020-2021,EOY,0.0,0.0,0.0,0.0
5311,609722,MANLEY HS,Network 15,2021-2022,EOY,42.7,0.0,42.0,9.2
5329,609780,MARINE AMES HS,Service Leadership Academies,2014-2015,EOY,41.1,0.0,48.0,4.3
5331,609780,MARINE LEADERSHIP AT AMES HS,Service Leadership Academies,2015-2016,EOY,25.2,4.0,71.0,1.9
5333,609780,MARINE LEADERSHIP AT AMES HS,Network 6,2016-2017,EOY,33.2,32.0,49.0,0.4
5335,609780,MARINE LEADERSHIP AT AMES HS,ISP,2017-2018,EOY,25.0,40.0,53.0,1.3
5337,609780,MARINE LEADERSHIP AT AMES HS,ISP,2018-2019,EOY,59.2,111.0,12.0,1.4
5339,609780,MARINE LEADERSHIP AT AMES HS,ISP,2019-2020,EOY,43.2,103.0,10.0,2.6
5341,609780,MARINE LEADERSHIP AT AMES HS,ISP,2020-2021,EOY,0.0,0.0,0.0,0.0
5343,609780,MARINE LEADERSHIP AT AMES HS,Network 14,2021-2022,EOY,19.4,20.0,14.0,1.7
5380,609723,MARSHALL HS,Network 5,2013-2014,EOY,60.4,248.0,284.0,3.6
5382,609723,MARSHALL HS,OS4,2014-2015,EOY,71.8,361.0,184.0,2.2
5384,609723,MARSHALL HS,ISP,2015-2016,EOY,55.7,172.0,141.0,0.3
5386,609723,MARSHALL HS,Network 5,2016-2017,EOY,57.3,197.0,136.0,1.6
5388,609723,MARSHALL HS,Network 5,2017-2018,EOY,60.3,83.0,141.0,3.5
5390,609723,MARSHALL HS,Network 15,2018-2019,EOY,64.3,154.0,52.0,3.7
5392,609723,MARSHALL HS,Network 15,2019-2020,EOY,96.2,137.0,24.0,5.4
5394,609723,MARSHALL HS,Network 15,2020-2021,EOY,0.0,0.0,0.0,5.9
5396,609723,MARSHALL HS,Network 15,2021-2022,EOY,82.5,123.0,54.0,5.3
5420,609724,MATHER HS,Network 2,2013-2014,EOY,69.3,57.0,155.0,13.1
5422,609724,MATHER HS,Network 2,2014-2015,EOY,68.6,113.0,84.0,9.9
5424,609724,MATHER HS,Network 2,2015-2016,EOY,52.3,55.0,98.0,8.5
5426,609724,MATHER HS,Network 2,2016-2017,EOY,72.1,173.0,95.0,7.3
5428,609724,MATHER HS,Network 2,2017-2018,EOY,68.3,83.0,62.0,10.1
5430,609724,MATHER HS,Network 14,2018-2019,EOY,77.6,86.0,47.0,5.9
5432,609724,MATHER HS,Network 14,2019-2020,EOY,34.4,22.0,38.0,5.4
5434,609724,MATHER HS,Network 14,2020-2021,EOY,0.0,0.0,0.0,0.0
5436,609724,MATHER HS,Network 14,2021-2022,EOY,20.6,23.0,86.0,2.0
5577,610282,MCNAIR,Network 3,2013-2014,EOY,104.4,32.0,66.0,0.0
5579,610282,MCNAIR,AUSL,2014-2015,EOY,42.0,67.0,59.0,0.2
5581,610282,MCNAIR,AUSL,2015-2016,EOY,79.2,113.0,27.0,0.0
5583,610282,MCNAIR,AUSL,2016-2017,EOY,77.6,86.0,15.0,2.0
5585,610282,MCNAIR,AUSL,2017-2018,EOY,71.1,48.0,6.0,0.0
5587,610282,MCNAIR,AUSL,2018-2019,EOY,84.8,52.0,1.0,2.0
5589,610282,MCNAIR,AUSL,2019-2020,EOY,66.7,3.0,1.0,0.0
5591,610282,MCNAIR,Network 3,2021-2022,EOY,83.3,0.0,23.0,0.0
5728,609725,MORGAN PARK HS,OS4,2013-2014,EOY,87.9,0.0,486.0,7.5
5730,609725,MORGAN PARK HS,OS4,2014-2015,EOY,52.6,0.0,247.0,15.0
5732,609725,MORGAN PARK HS,Network 10,2015-2016,EOY,47.6,92.0,217.0,13.3
5734,609725,MORGAN PARK HS,Network 10,2016-2017,EOY,79.6,159.0,152.0,5.4
5736,609725,MORGAN PARK HS,Network 10,2017-2018,EOY,42.8,63.0,121.0,1.0
5738,609725,MORGAN PARK HS,Network 16,2018-2019,EOY,65.7,233.0,161.0,2.1
5740,609725,MORGAN PARK HS,Network 16,2019-2020,EOY,64.3,324.0,134.0,0.4
5742,609725,MORGAN PARK HS,Network 16,2020-2021,EOY,0.0,0.0,0.0,0.0
5744,609725,MORGAN PARK HS,Network 16,2021-2022,EOY,19.8,45.0,258.0,2.0
5830,610385,MULTICULTURAL ACAD SCHOLARSHIP,Network 7,2013-2014,EOY,94.6,80.0,51.0,0.8
5832,610385,MULTICULTURAL ACAD SCHOLARSHIP,Network 7,2014-2015,EOY,96.7,4.0,16.0,10.0
5834,610385,MULTICULTURAL ARTS HIGH SCHOOL,Network 15,2021-2022,EOY,37.1,11.0,43.0,7.0
5836,610385,MULTICULTURAL HS,Network 7,2015-2016,EOY,83.3,1.0,14.0,20.8
5838,610385,MULTICULTURAL HS,Network 7,2016-2017,EOY,86.5,6.0,20.0,18.9
5840,610385,MULTICULTURAL HS,Network 7,2017-2018,EOY,73.7,31.0,16.0,3.0
5842,610385,MULTICULTURAL HS,Network 15,2018-2019,EOY,31.9,17.0,26.0,0.6
5844,610385,MULTICULTURAL HS,Network 15,2019-2020,EOY,23.8,25.0,17.0,0.8
5846,610385,MULTICULTURAL HS,Network 15,2020-2021,EOY,0.0,0.0,0.0,16.7
5964,610193,NEW SULLIVAN,Network 12,2013-2014,EOY,90.6,0.0,77.0,0.0
5966,610193,NEW SULLIVAN,Network 12,2014-2015,EOY,41.5,6.0,20.0,0.0
5968,610193,NEW SULLIVAN,Network 12,2015-2016,EOY,39.4,1.0,28.0,1.9
5970,610193,NEW SULLIVAN,Network 12,2016-2017,EOY,69.0,6.0,13.0,0.0
5972,610193,NEW SULLIVAN,Network 12,2017-2018,EOY,31.4,0.0,10.0,0.0
5974,610193,NEW SULLIVAN,Network 12,2018-2019,EOY,33.3,2.0,7.0,5.1
5976,610193,NEW SULLIVAN,Network 12,2019-2020,EOY,76.5,1.0,19.0,2.9
5978,610193,NEW SULLIVAN,Network 12,2021-2022,EOY,45.1,4.0,15.0,3.9
6312,609691,NORTH-GRAND HS,Network 5,2013-2014,EOY,95.1,363.0,211.0,0.1
6314,609691,NORTH-GRAND HS,Network 5,2014-2015,EOY,79.3,352.0,149.0,0.4
6316,609691,NORTH-GRAND HS,Network 5,2015-2016,EOY,86.5,415.0,185.0,0.1
6318,609691,NORTH-GRAND HS,Network 5,2016-2017,EOY,84.9,325.0,121.0,0.2
6320,609691,NORTH-GRAND HS,Network 5,2017-2018,EOY,77.2,212.0,129.0,0.1
6322,609691,NORTH-GRAND HS,Network 15,2018-2019,EOY,67.3,218.0,104.0,0.3
6324,609691,NORTH-GRAND HS,Network 15,2019-2020,EOY,79.8,194.0,88.0,0.0
6326,609691,NORTH-GRAND HS,Network 15,2020-2021,EOY,33.3,0.0,1.0,0.0
6328,609691,NORTH-GRAND HS,Network 15,2021-2022,EOY,49.9,83.0,113.0,1.5
6330,609744,NORTHSIDE LEARNING HS,Network 1,2013-2014,EOY,90.9,5.0,14.0,0.0
6332,609744,NORTHSIDE LEARNING HS,Network 1,2014-2015,EOY,61.5,5.0,8.0,0.0
6334,609744,NORTHSIDE LEARNING HS,Network 1,2015-2016,EOY,52.9,3.0,4.0,0.0
6336,609744,NORTHSIDE LEARNING HS,Network 1,2016-2017,EOY,48.0,9.0,3.0,4.0
6338,609744,NORTHSIDE LEARNING HS,Network 1,2017-2018,EOY,27.3,5.0,3.0,0.0
6340,609744,NORTHSIDE LEARNING HS,Network 14,2018-2019,EOY,9.5,10.0,7.0,0.0
6342,609744,NORTHSIDE LEARNING HS,Network 14,2019-2020,EOY,6.3,1.0,3.0,1.6
6344,609744,NORTHSIDE LEARNING HS,Network 14,2020-2021,EOY,0.0,0.0,0.0,0.0
6346,609744,NORTHSIDE LEARNING HS,Network 14,2021-2022,EOY,6.3,1.0,0.0,0.0
6348,609749,NORTHSIDE PREP HS,Network 1,2013-2014,EOY,23.5,0.0,4.0,5.9
6350,609749,NORTHSIDE PREP HS,Network 1,2014-2015,EOY,8.0,0.0,6.0,5.7
6352,609749,NORTHSIDE PREP HS,Network 1,2015-2016,EOY,9.9,0.0,7.0,3.1
6354,609749,NORTHSIDE PREP HS,Network 1,2016-2017,EOY,10.1,0.0,9.0,0.0
6356,609749,NORTHSIDE PREP HS,Network 1,2017-2018,EOY,9.0,0.0,4.0,0.0
6358,609749,NORTHSIDE PREP HS,ISP,2018-2019,EOY,8.8,3.0,3.0,1.3
6360,609749,NORTHSIDE PREP HS,ISP,2019-2020,EOY,1.5,0.0,1.0,0.0
6362,609749,NORTHSIDE PREP HS,Network 14,2020-2021,EOY,0.0,0.0,0.0,0.0
6364,609749,NORTHSIDE PREP HS,Network 14,2021-2022,EOY,0.0,0.0,0.0,0.0
6428,610529,OGDEN HS,Network 6,2013-2014,EOY,79.9,41.0,50.0,0.7
6430,610529,OGDEN HS,Network 6,2014-2015,EOY,48.5,18.0,12.0,1.5
6432,610529,OGDEN HS,Network 6,2015-2016,EOY,30.7,38.0,18.0,1.4
6434,610529,OGDEN HS,Network 6,2016-2017,EOY,11.5,6.0,2.0,4.6
6436,610529,OGDEN HS,Network 6,2017-2018,EOY,10.0,8.0,1.0,0.0
6438,610529,OGDEN HS,Network 15,2018-2019,EOY,35.1,33.0,34.0,4.4
6440,610529,OGDEN HS,Network 15,2019-2020,EOY,25.0,11.0,6.0,2.5
6442,610529,OGDEN HS,Network 15,2020-2021,EOY,0.0,0.0,0.0,0.0
6444,610529,OGDEN HS,Network 15,2021-2022,EOY,70.7,8.0,16.0,17.1
6476,610569,OMBUDSMAN - NORTHWEST HS,Options,2015-2016,EOY,75.0,0.0,3.0,0.0
6478,610569,OMBUDSMAN - NORTHWEST HS,Options,2016-2017,EOY,75.4,25.0,9.0,0.0
6480,610569,OMBUDSMAN - NORTHWEST HS,Options,2017-2018,EOY,32.4,6.0,6.0,10.8
6482,610569,OMBUDSMAN - NORTHWEST HS,Options,2018-2019,EOY,0.0,0.0,0.0,0.0
6483,610569,OMBUDSMAN - NORTHWEST HS,Options,2019-2020,EOY,0.0,0.0,0.0,0.0
6485,610569,OMBUDSMAN - NORTHWEST HS,Options,2021-2022,EOY,6.7,2.0,0.0,6.7
6487,610593,OMBUDSMAN - ROSELAND HS,Options,2019-2020,EOY,70.0,0.0,6.0,0.0
6489,610593,OMBUDSMAN - ROSELAND HS,Options,2021-2022,EOY,0.0,0.0,0.0,18.8
6491,610570,OMBUDSMAN - SOUTH HS,Options,2015-2016,EOY,100.0,0.0,2.0,100.0
6493,610570,OMBUDSMAN - SOUTH HS,Options,2017-2018,EOY,77.8,0.0,6.0,0.0
6495,610570,OMBUDSMAN - SOUTH HS,Options,2018-2019,EOY,89.5,0.0,16.0,0.0
6497,610570,OMBUDSMAN - SOUTH HS,Options,2019-2020,EOY,0.0,0.0,0.0,0.0
6499,610570,OMBUDSMAN - SOUTH HS,Options,2020-2021,EOY,0.0,0.0,0.0,0.0
6501,610570,OMBUDSMAN - SOUTH HS,Options,2021-2022,EOY,0.0,0.0,0.0,0.0
6502,610571,OMBUDSMAN - WEST HS,Options,2016-2017,EOY,0.0,0.0,0.0,0.0
6504,610571,OMBUDSMAN - WEST HS,Options,2017-2018,EOY,100.0,0.0,6.0,0.0
6506,610571,OMBUDSMAN - WEST HS,Options,2018-2019,EOY,138.9,59.0,51.0,0.9
6508,610571,OMBUDSMAN - WEST HS,Options,2019-2020,EOY,91.2,12.0,16.0,5.9
6510,610571,OMBUDSMAN - WEST HS,Options,2021-2022,EOY,0.0,0.0,0.0,37.5
6511,610570,OMBUDSMAN- SOUTH HS,Options,2014-2015,EOY,100.0,0.0,2.0,100.0
6564,610389,ORR HS,AUSL,2013-2014,EOY,104.2,503.0,419.0,0.5
6566,610389,ORR HS,AUSL,2014-2015,EOY,98.6,445.0,11.0,0.4
6568,610389,ORR HS,AUSL,2015-2016,EOY,97.9,409.0,13.0,0.0
6570,610389,ORR HS,AUSL,2016-2017,EOY,87.1,111.0,90.0,0.3
6572,610389,ORR HS,AUSL,2017-2018,EOY,92.8,138.0,43.0,1.6
6574,610389,ORR HS,AUSL,2018-2019,EOY,101.5,96.0,38.0,0.0
6576,610389,ORR HS,AUSL,2019-2020,EOY,71.3,36.0,29.0,3.5
6578,610389,ORR HS,AUSL,2021-2022,EOY,82.9,30.0,48.0,6.0
6728,610557,PATHWAYS - ASHBURN HS,Options,2015-2016,EOY,100.0,0.0,1.0,0.0
6730,610557,PATHWAYS - ASHBURN HS,Options,2017-2018,EOY,0.0,0.0,0.0,75.0
6732,610557,PATHWAYS - ASHBURN HS,Options,2019-2020,EOY,0.0,0.0,0.0,0.0
6734,610557,PATHWAYS - ASHBURN HS,Options,2021-2022,EOY,25.0,0.0,1.0,25.0
6736,610568,PATHWAYS - AVONDALE HS,Options,2015-2016,EOY,50.0,0.0,2.0,0.0
6738,400173,PATHWAYS - BRIGHTON PARK HS,Options,2015-2016,EOY,100.0,0.0,2.0,50.0
6740,400173,PATHWAYS - BRIGHTON PARK HS,Options,2017-2018,EOY,12.5,0.0,1.0,62.5
6741,400173,PATHWAYS - BRIGHTON PARK HS,Options,2021-2022,EOY,0.0,0.0,0.0,0.0
6743,610557,PATHWAYS EDUCATION HS,Options,2013-2014,EOY,50.0,0.0,1.0,100.0
6745,610568,PATHWAYS IN EDUCATION- AVONDALE HS,Options,2014-2015,EOY,100.0,0.0,3.0,66.7
6747,609680,PAYTON HS,Network 6,2013-2014,EOY,79.4,35.0,6.0,0.0
6749,609680,PAYTON HS,Network 6,2014-2015,EOY,76.5,4.0,9.0,0.0
6751,609680,PAYTON HS,ISP,2015-2016,EOY,73.7,6.0,22.0,0.0
6753,609680,PAYTON HS,ISP,2016-2017,EOY,50.0,1.0,7.0,6.3
6755,609680,PAYTON HS,ISP,2017-2018,EOY,23.7,2.0,6.0,0.0
6757,609680,PAYTON HS,ISP,2018-2019,EOY,50.0,6.0,11.0,0.0
6759,609680,PAYTON HS,ISP,2019-2020,EOY,54.5,10.0,2.0,0.0
6761,609680,PAYTON HS,Network 15,2020-2021,EOY,0.0,0.0,0.0,0.0
6762,609680,PAYTON HS,Network 15,2021-2022,EOY,13.8,0.0,3.0,0.0
6764,610386,PEACE & EDUCATION HS,Options,2013-2014,EOY,0.0,0.0,0.0,0.0
6766,610386,PEACE AND EDUCATION HS,Options,2014-2015,EOY,80.0,3.0,1.0,20.0
6768,610386,PEACE AND EDUCATION HS,Network 6,2015-2016,EOY,50.0,1.0,1.0,25.0
6770,610386,PEACE AND EDUCATION HS,ISP,2016-2017,EOY,70.0,2.0,5.0,0.0
6772,610386,PEACE AND EDUCATION HS,ISP,2017-2018,EOY,66.7,3.0,1.0,16.7
6774,610386,PEACE AND EDUCATION HS,ISP,2018-2019,EOY,46.2,4.0,2.0,23.1
6776,610386,PEACE AND EDUCATION HS,ISP,2019-2020,EOY,33.3,2.0,0.0,0.0
6777,610386,PEACE AND EDUCATION HS,ISP,2020-2021,EOY,0.0,0.0,0.0,0.0
6778,610386,PEACE AND EDUCATION HS,ISP,2021-2022,EOY,66.7,2.0,0.0,0.0
6917,609727,PHILLIPS HS,AUSL,2013-2014,EOY,85.3,397.0,462.0,0.8
6919,609727,PHILLIPS HS,AUSL,2014-2015,EOY,75.2,400.0,367.0,0.6
6921,609727,PHILLIPS HS,AUSL,2015-2016,EOY,78.4,306.0,296.0,0.4
6923,609727,PHILLIPS HS,AUSL,2016-2017,EOY,89.1,309.0,184.0,1.7
6925,609727,PHILLIPS HS,AUSL,2017-2018,EOY,93.4,390.0,37.0,1.3
6927,609727,PHILLIPS HS,AUSL,2018-2019,EOY,95.4,590.0,34.0,0.3
6929,609727,PHILLIPS HS,AUSL,2019-2020,EOY,99.1,341.0,32.0,0.1
6931,609727,PHILLIPS HS,AUSL,2020-2021,EOY,0.0,0.0,0.0,0.0
6933,609727,PHILLIPS HS,AUSL,2021-2022,EOY,29.0,1.0,100.0,2.1
6935,610304,PHOENIX MILITARY HS,Military,2013-2014,EOY,102.3,2.0,36.0,0.0
6937,610304,PHOENIX MILITARY HS,Service Leadership Academies,2014-2015,EOY,100.0,15.0,13.0,0.0
6939,610304,PHOENIX MILITARY HS,Service Leadership Academies,2015-2016,EOY,93.4,25.0,33.0,5.5
6941,610304,PHOENIX MILITARY HS,Network 6,2016-2017,EOY,90.6,22.0,21.0,5.7
6943,610304,PHOENIX MILITARY HS,Network 6,2017-2018,EOY,86.2,6.0,18.0,13.8
6945,610304,PHOENIX MILITARY HS,ISP,2018-2019,EOY,74.5,6.0,27.0,4.3
6947,610304,PHOENIX MILITARY HS,ISP,2019-2020,EOY,87.5,1.0,6.0,25.0
6949,610304,PHOENIX MILITARY HS,ISP,2021-2022,EOY,66.7,0.0,13.0,0.0
7154,609679,PROSSER HS,Network 3,2013-2014,EOY,102.3,23.0,153.0,0.0
7156,609679,PROSSER HS,Network 3,2014-2015,EOY,26.7,155.0,146.0,0.4
7158,609679,PROSSER HS,Network 3,2015-2016,EOY,34.5,147.0,114.0,0.5
7160,609679,PROSSER HS,Network 3,2016-2017,EOY,2.9,88.0,36.0,0.2
7162,609679,PROSSER HS,Network 3,2017-2018,EOY,1.2,73.0,27.0,0.1
7164,609679,PROSSER HS,Network 15,2018-2019,EOY,4.7,15.0,32.0,0.5
7166,609679,PROSSER HS,Network 15,2019-2020,EOY,15.8,68.0,14.0,2.9
7168,609679,PROSSER HS,Network 15,2020-2021,EOY,0.0,0.0,0.0,0.0
7170,609679,PROSSER HS,Network 15,2021-2022,EOY,15.0,51.0,13.0,1.0
7227,610334,RABY HS,OS4,2013-2014,EOY,96.0,254.0,186.0,1.8
7229,610334,RABY HS,OS4,2014-2015,EOY,60.0,211.0,152.0,2.5
7231,610334,RABY HS,Network 5,2015-2016,EOY,79.8,210.0,147.0,0.3
7233,610334,RABY HS,Network 5,2016-2017,EOY,54.1,207.0,121.0,0.5
7235,610334,RABY HS,Network 5,2017-2018,EOY,67.3,76.0,91.0,0.0
7237,610334,RABY HS,Network 15,2018-2019,EOY,29.6,0.0,61.0,0.7
7239,610334,RABY HS,Network 15,2019-2020,EOY,7.4,0.0,23.0,0.6
7241,610334,RABY HS,Network 15,2020-2021,EOY,0.0,0.0,0.0,0.0
7243,610334,RABY HS,Network 15,2021-2022,EOY,30.7,16.0,73.0,1.4
7369,610561,RICHARD T CRANE HS,Network 6,2013-2014,EOY,32.9,0.0,17.0,1.4
7371,610561,RICHARD T CRANE HS,Network 6,2014-2015,EOY,39.8,2.0,28.0,23.7
7373,609682,RICHARDS HS,OS4,2013-2014,EOY,58.7,144.0,131.0,5.7
7375,609682,RICHARDS HS,Network 8,2014-2015,EOY,44.6,44.0,113.0,10.6
7377,609682,RICHARDS HS,Network 8,2015-2016,EOY,51.0,44.0,121.0,3.5
7379,609682,RICHARDS HS,Network 8,2016-2017,EOY,59.9,20.0,71.0,12.2
7381,609682,RICHARDS HS,Network 8,2017-2018,EOY,31.7,89.0,50.0,0.5
7383,609682,RICHARDS HS,Network 16,2018-2019,EOY,31.5,101.0,45.0,0.0
7385,609682,RICHARDS HS,Network 16,2019-2020,EOY,33.9,65.0,28.0,1.5
7387,609682,RICHARDS HS,Network 16,2020-2021,EOY,15.4,0.0,2.0,0.0
7389,609682,RICHARDS HS,Network 16,2021-2022,EOY,25.0,57.0,56.0,1.0
7403,610390,RICKOVER HS,Military,2013-2014,EOY,30.2,0.0,59.0,4.6
7405,610390,RICKOVER HS,Service Leadership Academies,2014-2015,EOY,51.0,68.0,14.0,3.5
7407,610390,RICKOVER MILITARY HS,Service Leadership Academies,2015-2016,EOY,63.7,44.0,48.0,1.6
7409,610390,RICKOVER MILITARY HS,Network 6,2016-2017,EOY,71.3,55.0,41.0,2.7
7411,610390,RICKOVER MILITARY HS,ISP,2017-2018,EOY,51.4,47.0,28.0,2.7
7413,610390,RICKOVER MILITARY HS,ISP,2018-2019,EOY,48.7,57.0,23.0,0.9
7415,610390,RICKOVER MILITARY HS,ISP,2019-2020,EOY,50.8,14.0,13.0,5.1
7417,610390,RICKOVER MILITARY HS,ISP,2020-2021,EOY,0.0,0.0,0.0,0.0
7419,610390,RICKOVER MILITARY HS,ISP,2021-2022,EOY,45.3,11.0,31.0,4.3
7461,609728,ROOSEVELT HS,Network 1,2013-2014,EOY,93.6,69.0,157.0,8.8
7463,609728,ROOSEVELT HS,Network 1,2014-2015,EOY,66.5,202.0,94.0,3.6
7465,609728,ROOSEVELT HS,Network 1,2015-2016,EOY,69.7,386.0,136.0,3.9
7467,609728,ROOSEVELT HS,Network 1,2016-2017,EOY,64.5,245.0,112.0,3.4
7469,609728,ROOSEVELT HS,Network 1,2017-2018,EOY,73.2,267.0,91.0,1.3
7471,609728,ROOSEVELT HS,Network 14,2018-2019,EOY,104.2,198.0,102.0,1.2
7473,609728,ROOSEVELT HS,Network 14,2019-2020,EOY,84.8,50.0,33.0,9.6
7475,609728,ROOSEVELT HS,Network 14,2020-2021,EOY,0.0,0.0,0.0,0.0
7477,609728,ROOSEVELT HS,Network 14,2021-2022,EOY,31.7,106.0,35.0,0.7
7556,610573,SAFE ACHIEVE HS,Options,2021-2022,EOY,0.0,0.0,0.0,0.0
7706,609729,SCHURZ HS,Network 1,2013-2014,EOY,99.1,275.0,355.0,9.6
7708,609729,SCHURZ HS,Network 1,2014-2015,EOY,58.0,57.0,221.0,28.8
7710,609729,SCHURZ HS,Network 1,2015-2016,EOY,64.8,50.0,115.0,50.6
7712,609729,SCHURZ HS,Network 1,2016-2017,EOY,62.9,184.0,93.0,17.7
7714,609729,SCHURZ HS,Network 1,2017-2018,EOY,57.2,84.0,105.0,19.7
7716,609729,SCHURZ HS,Network 14,2018-2019,EOY,51.1,47.0,155.0,37.2
7718,609729,SCHURZ HS,Network 14,2019-2020,EOY,33.6,26.0,44.0,2.7
7720,609729,SCHURZ HS,Network 14,2020-2021,EOY,5.0,0.0,1.0,0.0
7722,609729,SCHURZ HS,Network 14,2021-2022,EOY,22.3,37.0,110.0,3.2
7724,609730,SENN HS,Network 2,2013-2014,EOY,60.8,374.0,126.0,5.8
7726,609730,SENN HS,Network 2,2014-2015,EOY,53.0,368.0,118.0,4.9
7728,609730,SENN HS,Network 2,2015-2016,EOY,31.2,82.0,148.0,13.6
7730,609730,SENN HS,Network 2,2016-2017,EOY,21.1,2.0,113.0,12.1
7732,609730,SENN HS,Network 2,2017-2018,EOY,39.8,26.0,157.0,6.1
7734,609730,SENN HS,Network 14,2018-2019,EOY,48.5,11.0,125.0,2.1
7736,609730,SENN HS,Network 14,2019-2020,EOY,73.5,200.0,57.0,1.7
7738,609730,SENN HS,Network 14,2020-2021,EOY,0.0,0.0,0.0,20.0
7740,609730,SENN HS,Network 14,2021-2022,EOY,23.5,26.0,58.0,2.3
7867,609692,SIMEON HS,Network 11,2013-2014,EOY,99.0,190.0,229.0,6.7
7869,609692,SIMEON HS,Network 11,2014-2015,EOY,50.5,141.0,230.0,7.0
7871,609692,SIMEON HS,Network 11,2015-2016,EOY,74.4,95.0,235.0,10.1
7873,609692,SIMEON HS,Network 11,2016-2017,EOY,76.5,91.0,248.0,8.6
7875,609692,SIMEON HS,ISP,2017-2018,EOY,92.9,83.0,203.0,0.0
7877,609692,SIMEON HS,Network 17,2018-2019,EOY,82.8,26.0,162.0,5.2
7879,609692,SIMEON HS,Network 17,2019-2020,EOY,33.5,2.0,70.0,4.4
7881,609692,SIMEON HS,Network 17,2020-2021,EOY,0.0,0.0,0.0,0.0
7883,609692,SIMEON HS,Network 17,2021-2022,EOY,48.7,4.0,281.0,2.7
7885,609750,SIMPSON HS,Options,2013-2014,EOY,88.4,9.0,22.0,7.0
7887,609750,SIMPSON HS,Options,2014-2015,EOY,71.4,0.0,5.0,0.0
7888,609750,SIMPSON HS,Network 6,2015-2016,EOY,100.0,0.0,3.0,100.0
7889,609750,SIMPSON HS,Network 6,2016-2017,EOY,50.0,0.0,5.0,40.0
7891,609750,SIMPSON HS,Network 6,2017-2018,EOY,80.6,3.0,18.0,38.9
7893,609750,SIMPSON HS,Network 15,2018-2019,EOY,16.7,0.0,1.0,0.0
7895,609750,SIMPSON HS,Network 15,2019-2020,EOY,22.2,1.0,1.0,66.7
7897,609750,SIMPSON HS,Network 15,2021-2022,EOY,42.9,1.0,4.0,0.0
7982,610383,SOCIAL JUSTICE HS,Network 7,2015-2016,EOY,105.1,8.0,17.0,0.0
7984,610383,SOCIAL JUSTICE HS,Network 7,2016-2017,EOY,103.2,4.0,18.0,6.5
7986,610383,SOCIAL JUSTICE HS,Network 7,2017-2018,EOY,136.2,17.0,37.0,0.0
7988,610383,SOCIAL JUSTICE HS,Network 15,2018-2019,EOY,27.5,1.0,11.0,4.3
7990,610383,SOCIAL JUSTICE HS,Network 15,2019-2020,EOY,53.1,13.0,21.0,7.1
7992,610383,SOCIAL JUSTICE HS,Network 15,2020-2021,EOY,0.0,0.0,0.0,0.0
7994,610383,SOCIAL JUSTICE HS,Network 15,2021-2022,EOY,70.5,15.0,39.0,0.8
8013,610543,SOLORIO HS,AUSL,2013-2014,EOY,99.3,98.0,95.0,1.0
8015,610543,SOLORIO HS,AUSL,2014-2015,EOY,44.4,50.0,32.0,1.7
8017,610543,SOLORIO HS,AUSL,2015-2016,EOY,48.9,48.0,31.0,1.6
8019,610543,SOLORIO HS,AUSL,2016-2017,EOY,74.0,68.0,33.0,0.0
8021,610543,SOLORIO HS,AUSL,2017-2018,EOY,59.3,68.0,40.0,0.8
8023,610543,SOLORIO HS,AUSL,2018-2019,EOY,70.9,65.0,46.0,0.5
8025,610543,SOLORIO HS,AUSL,2019-2020,EOY,75.0,24.0,35.0,3.3
8027,610543,SOLORIO HS,AUSL,2020-2021,EOY,0.0,0.0,0.0,0.0
8029,610543,SOLORIO HS,AUSL,2021-2022,EOY,13.8,29.0,12.0,0.8
8065,610547,SOUTH SHORE INTL HS,Network 12,2013-2014,EOY,49.2,122.0,68.0,3.1
8067,610547,SOUTH SHORE INTL HS,Network 12,2014-2015,EOY,78.0,316.0,41.0,1.3
8069,610547,SOUTH SHORE INTL HS,Network 12,2015-2016,EOY,98.2,251.0,16.0,1.0
8071,610547,SOUTH SHORE INTL HS,Network 12,2016-2017,EOY,93.7,22.0,43.0,7.6
8073,610547,SOUTH SHORE INTL HS,Network 12,2017-2018,EOY,76.8,52.0,34.0,6.3
8075,610547,SOUTH SHORE INTL HS,Network 17,2018-2019,EOY,64.7,78.0,74.0,2.3
8077,610547,SOUTH SHORE INTL HS,Network 17,2019-2020,EOY,32.7,37.0,28.0,1.4
8079,610547,SOUTH SHORE INTL HS,Network 17,2020-2021,EOY,12.5,0.0,1.0,0.0
8081,610547,SOUTH SHORE INTL HS,Network 17,2021-2022,EOY,74.1,5.0,50.0,5.9
8092,609745,SOUTHSIDE HS,Network 11,2013-2014,EOY,76.9,5.0,10.0,0.0
8094,609745,SOUTHSIDE HS,Network 11,2014-2015,EOY,44.4,1.0,11.0,0.0
8096,609745,SOUTHSIDE HS,Network 11,2015-2016,EOY,53.8,0.0,12.0,3.8
8098,609745,SOUTHSIDE HS,Network 11,2016-2017,EOY,88.9,1.0,8.0,0.0
8100,609745,SOUTHSIDE HS,ISP,2017-2018,EOY,85.7,0.0,9.0,0.0
8102,609745,SOUTHSIDE HS,ISP,2018-2019,EOY,66.7,1.0,9.0,0.0
8104,609745,SOUTHSIDE HS,ISP,2019-2020,EOY,25.0,0.0,3.0,8.3
8106,609745,SOUTHSIDE HS,ISP,2020-2021,EOY,0.0,0.0,0.0,0.0
8108,609745,SOUTHSIDE HS,ISP,2021-2022,EOY,46.2,2.0,8.0,0.0
8146,610357,SPRY HS,Network 7,2013-2014,EOY,120.0,43.0,27.0,3.0
8148,610357,SPRY HS,Network 7,2014-2015,EOY,120.2,47.0,31.0,0.0
8150,610357,SPRY HS,Network 7,2015-2016,EOY,109.6,34.0,8.0,0.0
8152,610357,SPRY HS,Network 7,2016-2017,EOY,105.0,40.0,9.0,0.0
8154,610357,SPRY HS,Network 7,2017-2018,EOY,112.2,18.0,13.0,0.0
8156,610357,SPRY HS,Network 16,2018-2019,EOY,105.6,26.0,13.0,1.4
8158,610357,SPRY HS,Network 16,2019-2020,EOY,100.0,6.0,4.0,8.3
8159,610357,SPRY HS,Network 16,2020-2021,EOY,0.0,0.0,0.0,0.0
8161,610357,SPRY HS,Network 16,2021-2022,EOY,53.6,7.0,3.0,0.0
8179,609732,STEINMETZ COLLEGE PREP HS,Network 3,2013-2014,EOY,100.1,702.0,281.0,0.5
8181,609732,STEINMETZ COLLEGE PREP HS,Network 3,2014-2015,EOY,83.4,653.0,160.0,0.5
8183,609732,STEINMETZ HS,Network 3,2015-2016,EOY,81.6,516.0,165.0,0.5
8185,609732,STEINMETZ HS,Network 3,2016-2017,EOY,61.9,390.0,117.0,0.5
8187,609732,STEINMETZ HS,Network 3,2017-2018,EOY,70.9,441.0,58.0,0.2
8189,609732,STEINMETZ HS,Network 14,2018-2019,EOY,54.9,233.0,130.0,1.0
8191,609732,STEINMETZ HS,Network 14,2019-2020,EOY,73.1,166.0,55.0,2.7
8193,609732,STEINMETZ HS,Network 14,2020-2021,EOY,0.0,0.0,0.0,0.0
8195,609732,STEINMETZ HS,Network 14,2021-2022,EOY,37.3,158.0,159.0,1.4
8281,609733,SULLIVAN HS,Network 2,2013-2014,EOY,32.1,0.0,82.0,1.7
8283,609733,SULLIVAN HS,Network 2,2014-2015,EOY,18.1,0.0,55.0,0.7
8285,609733,SULLIVAN HS,Network 2,2015-2016,EOY,15.3,0.0,44.0,0.2
8287,609733,SULLIVAN HS,Network 2,2016-2017,EOY,12.2,0.0,20.0,2.6
8289,609733,SULLIVAN HS,Network 2,2017-2018,EOY,17.8,0.0,50.0,2.7
8291,609733,SULLIVAN HS,Network 14,2018-2019,EOY,9.3,0.0,24.0,0.3
8293,609733,SULLIVAN HS,Network 14,2019-2020,EOY,15.7,0.0,11.0,1.2
8295,609733,SULLIVAN HS,Network 14,2020-2021,EOY,0.0,0.0,0.0,14.3
8297,609733,SULLIVAN HS,Network 14,2021-2022,EOY,16.3,0.0,44.0,2.6
8349,609734,TAFT HS,Network 1,2013-2014,EOY,95.6,181.0,153.0,14.5
8351,609734,TAFT HS,Network 1,2014-2015,EOY,25.3,388.0,105.0,3.5
8353,609734,TAFT HS,Network 1,2015-2016,EOY,13.0,133.0,20.0,1.8
8355,609734,TAFT HS,Network 1,2016-2017,EOY,10.4,134.0,18.0,2.0
8357,609734,TAFT HS,Network 1,2017-2018,EOY,11.6,149.0,34.0,3.2
8359,609734,TAFT HS,Network 14,2018-2019,EOY,12.1,159.0,39.0,2.8
8361,609734,TAFT HS,Network 14,2019-2020,EOY,8.9,156.0,25.0,1.1
8363,609734,TAFT HS,Network 14,2020-2021,EOY,0.9,0.0,1.0,0.9
8365,609734,TAFT HS,Network 14,2021-2022,EOY,13.4,174.0,45.0,1.5
8512,609735,TILDEN HS,OS4,2013-2014,EOY,95.0,181.0,147.0,5.1
8514,609735,TILDEN HS,OS4,2014-2015,EOY,72.8,71.0,112.0,22.6
8516,609735,TILDEN HS,Network 8,2015-2016,EOY,73.1,2.0,93.0,19.6
8518,609735,TILDEN HS,Network 8,2016-2017,EOY,56.9,12.0,75.0,16.1
8520,609735,TILDEN HS,Network 8,2017-2018,EOY,90.7,15.0,73.0,25.8
8522,609735,TILDEN HS,Network 16,2018-2019,EOY,37.2,6.0,40.0,22.6
8524,609735,TILDEN HS,Network 16,2019-2020,EOY,15.2,0.0,22.0,3.7
8526,609735,TILDEN HS,Network 16,2020-2021,EOY,0.0,0.0,0.0,8.3
8528,609735,TILDEN HS,Network 16,2021-2022,EOY,29.0,2.0,38.0,0.6
8640,610394,UPLIFT HS,Network 2,2013-2014,EOY,49.9,76.0,78.0,1.9
8642,610394,UPLIFT HS,Network 2,2014-2015,EOY,52.8,106.0,43.0,0.2
8644,610394,UPLIFT HS,Network 2,2015-2016,EOY,85.1,50.0,65.0,2.1
8646,610394,UPLIFT HS,Network 2,2016-2017,EOY,86.6,30.0,75.0,2.5
8648,610394,UPLIFT HS,Network 2,2017-2018,EOY,10.2,2.0,29.0,3.6
8650,610394,UPLIFT HS,Network 14,2018-2019,EOY,12.9,49.0,18.0,0.2
8652,610394,UPLIFT HS,Network 14,2019-2020,EOY,22.2,19.0,5.0,0.0
8654,610394,UPLIFT HS,Network 14,2020-2021,EOY,0.0,0.0,0.0,25.0
8656,610394,UPLIFT HS,Network 14,2021-2022,EOY,41.0,8.0,10.0,0.0
8717,609766,VAUGHN HS,Network 1,2013-2014,EOY,100.0,5.0,14.0,16.0
8719,609766,VAUGHN HS,Network 1,2014-2015,EOY,100.0,6.0,6.0,14.3
8721,609766,VAUGHN HS,Network 1,2015-2016,EOY,24.2,9.0,9.0,6.6
8723,609766,VAUGHN HS,Network 1,2016-2017,EOY,26.9,6.0,14.0,9.7
8725,609766,VAUGHN HS,Network 1,2017-2018,EOY,12.0,4.0,5.0,5.6
8727,609766,VAUGHN HS,Network 14,2018-2019,EOY,8.7,1.0,7.0,0.0
8729,609766,VAUGHN HS,Network 14,2019-2020,EOY,5.4,0.0,4.0,1.8
8731,609766,VAUGHN HS,Network 14,2020-2021,EOY,11.8,0.0,3.0,0.0
8733,609766,VAUGHN HS,Network 14,2021-2022,EOY,2.8,2.0,3.0,0.0
8737,610518,VOISE HS,Network 3,2013-2014,EOY,76.8,2.0,140.0,25.0
8739,610518,VOISE HS,Network 3,2014-2015,EOY,80.6,163.0,89.0,1.8
8741,610518,VOISE HS,Network 3,2015-2016,EOY,63.2,127.0,76.0,0.9
8775,609737,VON STEUBEN HS,Network 1,2013-2014,EOY,25.4,0.0,93.0,16.5
8777,609737,VON STEUBEN HS,Network 1,2014-2015,EOY,60.2,36.0,49.0,31.9
8779,609737,VON STEUBEN HS,Network 1,2015-2016,EOY,38.3,57.0,60.0,22.1
8781,609737,VON STEUBEN HS,Network 1,2016-2017,EOY,20.4,32.0,37.0,2.6
8783,609737,VON STEUBEN HS,Network 1,2017-2018,EOY,11.7,15.0,43.0,0.3
8785,609737,VON STEUBEN HS,Network 14,2018-2019,EOY,18.0,10.0,81.0,0.3
8787,609737,VON STEUBEN HS,Network 14,2019-2020,EOY,10.7,27.0,27.0,0.2
8789,609737,VON STEUBEN HS,Network 14,2020-2021,EOY,0.0,0.0,0.0,0.0
8791,609737,VON STEUBEN HS,Network 14,2021-2022,EOY,12.6,15.0,22.0,2.8
8912,609739,WASHINGTON HS,Network 13,2013-2014,EOY,56.0,0.0,315.0,7.8
8914,609739,WASHINGTON HS,Network 13,2014-2015,EOY,28.5,416.0,162.0,1.9
8916,609739,WASHINGTON HS,Network 13,2015-2016,EOY,19.9,297.0,144.0,1.0
8918,609739,WASHINGTON HS,Network 13,2016-2017,EOY,7.9,306.0,92.0,0.2
8920,609739,WASHINGTON HS,Network 13,2017-2018,EOY,7.9,248.0,94.0,0.5
8922,609739,WASHINGTON HS,Network 17,2018-2019,EOY,25.3,240.0,78.0,0.8
8924,609739,WASHINGTON HS,Network 17,2019-2020,EOY,28.7,91.0,47.0,4.3
8926,609739,WASHINGTON HS,Network 17,2020-2021,EOY,0.0,0.0,0.0,0.0
8928,609739,WASHINGTON HS,Network 17,2021-2022,EOY,13.3,126.0,114.0,0.0
8975,609740,WELLS HS,OS4,2013-2014,EOY,54.2,23.0,112.0,5.4
8977,609740,WELLS HS,Network 6,2014-2015,EOY,61.0,72.0,33.0,10.1
8979,609740,WELLS HS,Network 6,2015-2016,EOY,80.7,90.0,20.0,1.0
8981,609740,WELLS HS,ISP,2016-2017,EOY,103.3,50.0,3.0,0.0
8983,609740,WELLS HS,Network 6,2017-2018,EOY,115.1,100.0,54.0,10.0
8985,609740,WELLS HS,Network 15,2018-2019,EOY,77.5,69.0,88.0,5.1
8987,609740,WELLS HS,Network 15,2019-2020,EOY,20.5,14.0,64.0,4.9
8988,609740,WELLS HS,Network 15,2020-2021,EOY,0.0,0.0,0.0,0.0
8990,609740,WELLS HS,Network 15,2021-2022,EOY,15.8,16.0,50.0,3.0
9057,609693,WESTINGHOUSE HS,Network 5,2015-2016,EOY,43.0,1.0,70.0,0.0
9059,609693,WESTINGHOUSE HS,Network 5,2016-2017,EOY,42.8,0.0,51.0,0.0
9061,609693,WESTINGHOUSE HS,Network 5,2017-2018,EOY,65.3,0.0,82.0,0.0
9063,609693,WESTINGHOUSE HS,Network 15,2018-2019,EOY,30.9,0.0,56.0,0.0
9065,609693,WESTINGHOUSE HS,Network 15,2019-2020,EOY,0.8,1.0,37.0,0.0
9067,609693,WESTINGHOUSE HS,Network 15,2020-2021,EOY,8.3,0.0,1.0,0.0
9069,609693,WESTINGHOUSE HS,Network 15,2021-2022,EOY,1.2,0.0,94.0,0.0
9147,610380,WILLIAMS HS,Network 9,2015-2016,EOY,33.4,46.0,54.0,8.7
9149,610380,WILLIAMS HS,Network 9,2016-2017,EOY,70.5,33.0,39.0,1.6
9151,610380,WILLIAMS HS,Network 9,2017-2018,EOY,50.8,20.0,50.0,8.0
9153,610380,WILLIAMS HS,Network 17,2018-2019,EOY,37.2,11.0,31.0,0.6
9155,610380,WILLIAMS HS,Network 17,2019-2020,EOY,29.3,9.0,11.0,8.0
9157,610380,WILLIAMS HS,Network 17,2021-2022,EOY,35.3,3.0,1.0,0.0
9159,610380,"WILLIAMS, D",Network 9,2013-2014,EOY,93.1,94.0,65.0,25.5
9161,610380,"WILLIAMS, D",Network 9,2014-2015,EOY,35.5,13.0,78.0,20.5
9186,610392,WORLD LANGUAGE HS,Network 7,2013-2014,EOY,67.6,10.0,28.0,2.8
9188,610392,WORLD LANGUAGE HS,Network 7,2014-2015,EOY,41.9,9.0,8.0,7.0
9190,610392,WORLD LANGUAGE HS,Network 7,2015-2016,EOY,47.2,12.0,5.0,5.6
9192,610392,WORLD LANGUAGE HS,Network 7,2016-2017,EOY,103.6,12.0,10.0,7.1
9194,610392,WORLD LANGUAGE HS,Network 7,2017-2018,EOY,97.4,27.0,6.0,0.0
9196,610392,WORLD LANGUAGE HS,Network 15,2018-2019,EOY,101.6,24.0,17.0,0.0
9198,610392,WORLD LANGUAGE HS,Network 15,2019-2020,EOY,94.1,4.0,12.0,11.8
9200,610392,WORLD LANGUAGE HS,Network 15,2020-2021,EOY,0.0,0.0,0.0,0.0
9202,610392,WORLD LANGUAGE HS,Network 15,2021-2022,EOY,45.0,5.0,2.0,10.0
